Age,Loyalty
25,9.0
34,13.5
45,64.0
22,3.0
29,39.599999999999994
41,108.6
36,52.0
27,32.2
50,126.0
31,50.20000000000001
28,33.8
42,57.400000000000006
33,84.0
37,54.39999999999999
49,71.2
23,3.2
39,56.0
30,40.0
46,64.8
26,34.4
52,73.60000000000001
24,46.19999999999999
44,7.5
35,6.2
38,55.199999999999996
47,8.3
32,46.39999999999999
51,63.0
40,57.60000000000001
43,54.599999999999994
55,66.5
48,59.5
53,9.3
54,65.8
